bc_id,name,status,status_detail,ticker,former_tickers,exchange,country,trading_currency,isin,isin_source,lei,lei_status,lei_basis,identifier_note,figi,mic,primary_listing,incorporation_country,incorporation_source,reporting_currency,fiscal_year_end,fiscal_year_end_source,wine_member_from,wine_member_to,in_wine,in_cru,in_east,weight_wine_pct,price_local,price_date,shares_outstanding_m,shares_source_url,shares_as_of,shares_filed_m,shares_filed_classes,shares_source_locator,market_cap_usd_m,market_cap_eur_m,wine_revenue_share_pct,wine_share_basis,wine_share_source_url,in_2015_universe,in_register_since,in_register_since_basis,left_market_on,note,page_url
BC-00001,Treasury Wine Estates,Indexed,,TWE.AX,,ASX,Australia,AUD,AU000000TWE9,cross-checked,529900LVOPJGAX6ILK66,LAPSED,gleif-name,GLEIF name match; GLEIF ISIN map lists only ADR US89465J1097,BBG001S6H638,XASX,TRUE,AU,https://search.gleif.org/#/record/529900LVOPJGAX6ILK66,,06-30,https://a.storyblok.com/f/171317/x/83f39a3aa1/2026-annual-report.pdf,2026-07-03,,TRUE,FALSE,TRUE,42.18,5.6,2026-10-08,807.437,https://a.storyblok.com/f/171317/x/83f39a3aa1/2026-annual-report.pdf,2026-06-30,807.437,Ordinary=807.437@2026-06-30,"Annual Report 2026, Note 19 Contributed equity (PDF p.116): 807,437,260 fully paid ordinary shares; nil treasury shares. Same count at 3 Jul 2026 in shareholder information (PDF p.196)",3147.68,2806.79,97.5,"FY2026 (to 30 Jun 2026) — Net sales revenue (sale of branded wine) A$2,561.0m / total revenue A$2,626.0m; remaining 'other revenue' is contract bottling, sub-lease, grape and bulk-wine sales (so wine-related share is higher). Principal activities: viticulture, winemaking, sale of wine (Directors' report PDF p.55)",https://a.storyblok.com/f/171317/x/83f39a3aa1/2026-annual-report.pdf,TRUE,2026-07-03,exact,,,https://boomcellar.com/vineyard/TWE.AX
BC-00002,Viña Concha y Toro,Indexed,,CONCHATORO.SN,,Santiago,Chile,CLP,CLP9796J1008,cross-checked,5493008GQ74NEYBVB518,ISSUED,gleif-name,GLEIF name match (RUT 90227000-0); ISIN map lists ADR only,BBG001S7WQG1,XSGO,TRUE,CL,https://search.gleif.org/#/record/5493008GQ74NEYBVB518,,12-31,https://vinacyt.com/content/uploads/2026/03/vcyt-eeff-2025.pdf,2026-07-03,,TRUE,FALSE,FALSE,8.39,862.02,2026-10-08,709.7,https://vinacyt.com/content/uploads/2026/08/vcyt-estados-financieros-202606.pdf,2026-06-30,709.7,Ordinary (single series)=709.7@2026-06-30,"Interim consolidated FS 30 Jun 2026, Nota 26.2-26.3 (printed p.95-96): 739,010,000 issued less 29,310,000 treasury shares (bought 7 Apr 2026) = 709,700,000 voting shares",625.95,558.16,94.1,"FY2025 (to 31 Dec 2025) — Segment 'Vinos' external revenue M$918,269,961 / total revenue M$975,332,952 ('Otros' = spirits/beer distribution in Chile, wine bar, tours, real estate)",https://vinacyt.com/content/uploads/2026/03/vcyt-eeff-2025.pdf,TRUE,2026-07-03,exact,,,https://boomcellar.com/vineyard/CONCHATORO.SN
BC-00003,Laurent-Perrier,Indexed,,LPE.PA,,Euronext Paris,France,EUR,FR0006864484,gleif,96950036OIHAEGNGJ871,ISSUED,gleif-isin,,BBG001SCVXS3,XPAR,TRUE,FR,https://search.gleif.org/#/record/96950036OIHAEGNGJ871,,03-31,https://www.finance-groupelp.com/sites/files/lpfinances/publications/2026/Bilan_Semestriel.pdf,2026-07-03,,TRUE,FALSE,FALSE,6.79,76,2026-10-08,5.946,https://www.finance-groupelp.com/sites/files/lpfinances/publications/2026/Declaration_mensuelle_des_droits_de_vote_16.pdf,2026-08-31,5.946,Ordinary=5.946@2026-08-31,"Monthly declaration of total voting rights and shares (Art. L233-8 II / AMF RG 223-16), last row 31/08/2026: 5,945,861 shares composing the capital",506.78,451.9,100,FY2025/26 (to 31 Mar 2026) — 100% (no other activity reported): company describes itself as 'dédié exclusivement au champagne',https://www.finance-groupelp.com/sites/files/lpfinances/publications/2026/Bilan_Semestriel.pdf,TRUE,2026-07-03,exact,,,https://boomcellar.com/vineyard/LPE.PA
BC-00004,Maison Pommery & Associés,Indexed,,POMRY.PA,VRAP.PA,Euronext Paris,France,EUR,FR0000062796,gleif,969500M5EQJVDASURW53,ISSUED,gleif-isin,,BBG001SGNQM4,XPAR,TRUE,FR,https://search.gleif.org/#/record/969500M5EQJVDASURW53,EUR,12-31,https://www.maisonpommery.com/wp-content/uploads/2026/09/DEU-MPA-2025.pdf,2026-07-03,,TRUE,TRUE,FALSE,1.15,8.62,2026-10-08,8.887,https://www.maisonpommery.com/wp-content/uploads/2026/09/DEU-MPA-2025.pdf,2025-12-31,8.887,Ordinary (single & double-voting registered)=8.887@2025-12-31,"DEU 2025 (AMF D.26-0592), §1.4.1 Capital social (p.34): 8,937,085 shares; §1.5 shareholding table (p.37): 50,111 treasury shares -> 8,886,974",85.91,76.61,97.4,"FY2025 (to 31 Dec 2025) — 'Production vendue de biens et marchandises' 285,422 / total revenue 293,166 kEUR; both IFRS 8 segments are wine (Champagne & Port; Sables & Provence wines, §6.2); remainder is services & other 7,744",https://www.maisonpommery.com/wp-content/uploads/2026/09/DEU-MPA-2025.pdf,TRUE,2026-07-03,exact,,,https://boomcellar.com/vineyard/POMRY.PA
BC-00005,Lanson-BCC,Indexed,,ALLAN.PA,,Euronext Growth Paris,France,EUR,FR0004027068,gleif,9695002M26EY0PEN7S80,ISSUED,gleif-isin,,BBG001SBHZK4,ALXP,TRUE,FR,https://search.gleif.org/#/record/9695002M26EY0PEN7S80,EUR,12-31,https://files.webdisclosure.com/1394183/LBCC_Communiqu_rsultats_annuels_2025_F.pdf,2026-07-03,,TRUE,FALSE,FALSE,2.61,26.2,2026-10-08,6.63,https://files.webdisclosure.com/1433239/LANSONBCC_pub_droit_de_vote_au_31.08.2026.pdf,2026-08-31,6.63,Ordinary=6.63@2026-08-31,"Monthly declaration of voting rights and shares at 31 Aug 2026 (Art. L233-8 II): 6,754,415 shares composing capital, of which 124,368 treasury (autocontrôle) -> 6,630,047",194.8,173.71,100,FY2025 (to 31 Dec 2025) — 100% (no other activity reported): company describes itself as 'pure player familial du Champagne',https://files.webdisclosure.com/1394183/LBCC_Communiqu_rsultats_annuels_2025_F.pdf,TRUE,2026-07-03,exact,,,https://boomcellar.com/vineyard/ALLAN.PA
BC-00006,Schloss Wachenheim,Indexed,,SWA.DE,,XETRA,Germany,EUR,DE0007229007,gleif,529900H37S84ND4UQ869,ISSUED,gleif-isin,,BBG001S6VWF2,XETR,TRUE,DE,https://search.gleif.org/#/record/529900H37S84ND4UQ869,,06-30,https://www.schloss-wachenheim.com/upload/dokumente/11138.pdf,2026-07-03,,TRUE,FALSE,FALSE,1.78,14.95,2026-10-08,7.92,https://www.schloss-wachenheim.com/upload/dokumente/11138.pdf,2026-06-30,7.92,Ordinary bearer (Stamm-Stückaktien)=7.92@2026-06-30,"Konzern-Geschäftsbericht 2025/26, Angaben gemäß §§289a/315a HGB (p.111) and Konzernanhang 'Gezeichnetes Kapital' (p.146): 7,920,000 shares; no own shares acquired under buyback authorisation (p.112)",132.78,118.4,70.3,"FY2025/26 (to 30 Jun 2026) — (Sekt/Schaumwein/Perlwein 197,226 + Stillwein 124,790) / sum of product groups before eliminations 457,862 TEUR. Excludes dealcoholised products 52,704 (incl. them: 81.8%) and 'Sonstige' 83,142 (spirits, cider, cocktails, kids' party drinks)",https://www.schloss-wachenheim.com/upload/dokumente/11138.pdf,TRUE,2026-07-03,exact,,,https://boomcellar.com/vineyard/SWA.DE
BC-00007,AdVini,Indexed,,ALAVI.PA,,Euronext Growth Paris,France,EUR,FR0000053043,gleif,9695006S6L6YQECK2015,ISSUED,gleif-isin,,BBG001SFPHQ0,ALXP,TRUE,FR,https://search.gleif.org/#/record/9695006S6L6YQECK2015,,12-31,https://www.advini.com/wp-content/uploads/2026/04/AdVini-Rapport-Financier-Annuel-2025.pdf,2026-07-03,,TRUE,TRUE,FALSE,0.89,15.7,2026-10-08,3.753,https://www.advini.com/wp-content/uploads/2026/04/AdVini-Rapport-Financier-Annuel-2025.pdf,2025-12-31,3.753,Ordinary=3.753@2025-12-31,"Rapport financier annuel 2025, rapport de gestion §5 Capital social (PDF p.238: 3,941,835 total shares) less 189,067 treasury shares (PDF p.240) = 3,752,768",66.08,58.92,97.8,"FY2025 (to 31 Dec 2025) — (Secteur Vin France 233,698 + Secteur Vin Afrique du Sud 38,162) / (sum of segment revenue before inter-segment eliminations 278,108) kEUR; 'Autres' 6,248. Consolidated total after eliminations 270,080",https://www.advini.com/wp-content/uploads/2026/04/AdVini-Rapport-Financier-Annuel-2025.pdf,TRUE,2026-07-03,exact,,,https://boomcellar.com/vineyard/ALAVI.PA
BC-00008,Naked Wines,Indexed,,WINE.L,MJW.L,LSE (AIM),United Kingdom,GBP,GB00B021F836,gleif,213800IYPFIRRQQE9R62,ISSUED,gleif-isin,,BBG001S9BM15,AIMX,TRUE,GB,https://search.gleif.org/#/record/213800IYPFIRRQQE9R62,,03-30,https://s28.q4cdn.com/964621086/files/doc_news/Final-Results-2026.pdf,2026-07-03,,TRUE,TRUE,FALSE,0.71,0.604,2026-10-08,66.256,https://www.investegate.co.uk/announcement/rns/naked-wines--wine/transaction-in-own-shares/9616589,2026-06-12,66.256,Ordinary 7.5p=66.256@2026-06-12,"RNS 'Transaction in Own Shares and Completion of Share Buyback Programme' 12 Jun 2026: 71,717,079 shares in issue, 5,460,795 in treasury, total voting rights 66,256,284. Cross-check: FY26 results (https://s28.q4cdn.com/964621086/files/doc_news/Final-Results-2026.pdf) Note 8 p.32 'Total number of…",52.96,47.22,,FY2026 (52 wks to 30 Mar 2026) — Not computable: company reports revenue as a single product group 'principally wine and some spirits' with no split (principal activity: DTC retailing of wine),https://s28.q4cdn.com/964621086/files/doc_news/Final-Results-2026.pdf,TRUE,2026-07-03,exact,,,https://boomcellar.com/vineyard/WINE.L
BC-00009,Chapel Down Group,Indexed,,CDGP.L,,London (Aquis/AIM),United Kingdom,GBP,GB0032706284,gleif,213800BAUCZ4OXC97W72,ISSUED,gleif-isin,,BBG001SRVGV3,,TRUE,GB,https://search.gleif.org/#/record/213800BAUCZ4OXC97W72,,12-31,https://assets.lsegissuerservices.com/original-8563a733-a061-4529-b8a2-66d301d3021e.pdf,2026-07-03,,TRUE,TRUE,FALSE,1.4,0.46,2026-10-08,171.524,https://assets.lsegissuerservices.com/original-8563a733-a061-4529-b8a2-66d301d3021e.pdf,2025-12-31,171.524,Ordinary 5p=171.524@2025-12-31,"Annual Report 2025, notes: share capital note (PDF p.76) '171,524,316 (2024: 171,524,316) Ordinary shares of £0.05 each'; no treasury shares reported",104.42,93.11,94.1,"FY2025 (to 31 Dec 2025) — Total Net Sales Revenue (Wine) £18,296k (Traditional Method sparkling 13,557 + still & other wines 4,739) / Total Net Sales Revenue £19,443k; non-wine sales 1,147",https://assets.lsegissuerservices.com/original-8563a733-a061-4529-b8a2-66d301d3021e.pdf,FALSE,2026-07-03,exact,,,https://boomcellar.com/vineyard/CDGP.L
BC-00010,Italian Wine Brands,Indexed,,IWB.MI,,Borsa Italiana (EGM),Italy,EUR,IT0005075764,gleif,815600251190FB2E7172,ISSUED,gleif-isin,,BBG00801PLG8,EXGM,TRUE,IT,https://search.gleif.org/#/record/815600251190FB2E7172,,12-31,https://www.italianwinebrands.it/wp-content/uploads/2026/05/IWB-Fascicolo-completo-esercizio-e-consolidato-31.12.25-inglese.pdf,2026-07-03,,TRUE,FALSE,FALSE,2.13,15.3,2026-10-08,9.245,https://www.italianwinebrands.it/wp-content/uploads/2026/05/IWB-Fascicolo-completo-esercizio-e-consolidato-31.12.25-inglese.pdf,2025-12-31,9.245,Ordinary (no par)=9.245@2025-12-31,"Consolidated annual financial report 31 Dec 2025: notes 'Share capital' (printed p.109): 9,459,983 ordinary shares; Directors' report §7 Treasury shares (printed p.53): 215,472 treasury -> 9,244,511",158.63,141.45,100,FY2025 (to 31 Dec 2025) — 100% (no other activity reported): IFRS 8 note states product information is not split 'because the Company sells wine',https://www.italianwinebrands.it/wp-content/uploads/2026/05/IWB-Fascicolo-completo-esercizio-e-consolidato-31.12.25-inglese.pdf,FALSE,2026-07-03,exact,,,https://boomcellar.com/vineyard/IWB.MI
BC-00011,Masi Agricola,Indexed,,MASI.MI,,Borsa Italiana (EGM),Italy,EUR,IT0004125677,gleif,815600CB93311F9F2A51,ISSUED,gleif-isin,,BBG001TDTR33,EXGM,TRUE,IT,https://search.gleif.org/#/record/815600CB93311F9F2A51,,12-31,https://www.borsaitaliana.it/media/borsa/db/pdf/new/1047425.pdf,2026-07-03,,TRUE,FALSE,FALSE,1.97,4.08,2026-10-08,32.151,https://www.borsaitaliana.it/media/borsa/db/pdf/new/1047425.pdf,2025-12-31,32.151,Ordinary=32.151@2025-12-31,"Bilancio consolidato 2025, accounting policies §y 'Utile (perdita) per azione' (PDF p.48): n. 32,151,156 ordinary shares in circulation in 2025 and 2024; no treasury shares ('Altre informazioni', management report). H1 2026 report (https://www.borsaitaliana.it/media/borsa/db/pdf/new/1049606.pdf)…",147.11,131.18,,"FY2025 (to 31 Dec 2025) — Not stated as wine: revenue split is only 'vendite prodotti' EUR 61,734,500 vs 'vendite accessori e altri' 2,648,221 of total 64,382,721 (products = 95.9%); report says group operates 'principalmente nel settore vitivinicolo', not wine-only; no segment reporting",https://www.borsaitaliana.it/media/borsa/db/pdf/new/1047425.pdf,FALSE,2026-07-03,exact,,,https://boomcellar.com/vineyard/MASI.MI
BC-00012,Purcari Wineries,Indexed,,WINE.RO,,Bucharest,Romania/Moldova,RON,CY0107600716,cross-checked,2138004WTEJACWP9GT35,ISSUED,gleif-name,"GLEIF name match, CY HE 201949",BBG00JVX7CH9,XBSE,TRUE,CY,https://search.gleif.org/#/record/2138004WTEJACWP9GT35,,12-31,https://www.bvb.ro/infocont/infocont26/WINE_20260430062607_ENG-Purcari-Wineries-Plc-Annual-Report-2025.pdf,2026-07-03,,TRUE,FALSE,FALSE,2.42,20.9,2026-10-07,41.144,https://m.bvb.ro/infocont/infocont26/WINE_20260825062449_Purcari-Wineries-HALF-YEARLY-FINANCIAL-REPORT-2026-eng-FINAL.pdf,2026-06-30,41.144,Ordinary EUR 0.01=41.144@2026-06-30,"H1 2026 interim condensed consolidated FS, Note 12 Share capital (PDF p.25): 41,144,121 ordinary shares; treasury shares reserve nil (FY2025 AR Note on reserves)",180.4,160.86,89.5,"FY2025 (to 31 Dec 2025) — Sales of finished goods - Wine RON 390,591,470 / total revenue RON 436,244,179. Excludes divin (brandy) 33.5m, brandy, bulk wine materials 5.8m (incl. those: 90.9%), merchandise and services",https://www.bvb.ro/infocont/infocont26/WINE_20260430062607_ENG-Purcari-Wineries-Plc-Annual-Report-2025.pdf,FALSE,2026-07-03,exact,,,https://boomcellar.com/vineyard/WINE.RO
BC-00013,Ambra,Indexed,,AMB.WA,,Warsaw,Poland,PLN,PLAMBRA00013,gleif,2594001A15UL7ZFMFT77,ISSUED,gleif-isin,,BBG001SNY9K7,XWAR,TRUE,PL,https://search.gleif.org/#/record/2594001A15UL7ZFMFT77,PLN,06-30,https://www.schloss-wachenheim.com/upload/dokumente/11138.pdf,2026-07-03,,TRUE,FALSE,FALSE,1.74,20.1,2026-10-08,25.207,https://bonnier.pl/static/att/emitent/2026-09/20260915_012428_0425012983_AMBRA_management_report_2025_2026.xhtml,2026-06-30,25.207,"Ordinary PLN 1 (series A & D bearer 17,827,644; series B & C registered 7,379,000 held by Schloss Wachenheim)=25.207@2026-06-30","Management report FY2025/26 (ESPI SRR attachment, 15 Sep 2026), §12.1 Basic share information and §14.3 'Akcje i akcjonariat': 25,206,644 shares; no treasury shares at 30 Jun 2026",130,115.92,67.8,"FY2025/26 (to 30 Jun 2026) — Parent's disclosure for East-Central Europe sub-group (= AMBRA S.A. and subsidiaries): Stillwein 46.9% + Sekt/Schaumwein/Perlwein 20.9% of sub-group revenue; excludes dealcoholised 3.7% and 'Sonstige' 28.5% (cider, spirits, kids' drinks etc.). Ambra's own report gives only sparkling wine = 20.7% of group revenue (MD&A §6.1) and no full split",https://www.schloss-wachenheim.com/upload/dokumente/11138.pdf,FALSE,2026-07-03,exact,,,https://boomcellar.com/vineyard/AMB.WA
BC-00014,Crimson Wine Group,Indexed,,CWGL,,OTCQB,USA,USD,US22662X1000,gleif,254900L67L3ONFDU2R82,ISSUED,gleif-isin,,BBG0043C0X53,OTCB,TRUE,US-DE,https://search.gleif.org/#/record/254900L67L3ONFDU2R82,,12-31,https://www.sec.gov/Archives/edgar/data/1562151/000162828026018796/cwgl-20251231.htm,2026-07-03,,TRUE,TRUE,FALSE,1.13,4.11,2026-10-08,20.586,https://www.sec.gov/Archives/edgar/data/1562151/000162828026054306/cwgl-20260630.htm,2026-07-31,20.586,"Common stock, par $0.01 (only class)=20.586@2026-07-31","Form 10-Q for Q2 2026, cover page: 20,586,027 shares outstanding on 31 Jul 2026; balance sheet: 20,586,027 issued and outstanding at 30 Jun 2026",84.61,75.45,95.2,"FY2025 (to 31 Dec 2025) — (Wholesale 35,527 + Direct to Consumer 26,422) / total net sales 65,085 ($k). 'Other/Non-allocable' 3,136 = bulk wine & grape sales, event/tasting fees and non-wine retail",https://www.sec.gov/Archives/edgar/data/1562151/000162828026018796/cwgl-20251231.htm,TRUE,2026-07-03,exact,,,https://boomcellar.com/vineyard/CWGL
BC-00015,Willamette Valley Vineyards,Indexed,,WVVI,,Nasdaq,USA,USD,US9691361003,gleif,549300EVPVY057V3C517,LAPSED,gleif-isin,,BBG001S88SJ9,XNAS,TRUE,US-OR,https://search.gleif.org/#/record/549300EVPVY057V3C517,,12-31,https://www.sec.gov/Archives/edgar/data/838875/000119983526000061/wvvi-10k.htm,2026-07-03,,TRUE,TRUE,FALSE,0.12,1.87,2026-10-08,4.98,https://www.sec.gov/Archives/edgar/data/838875/000119983526000283/wvvi_10q.htm,2026-08-12,4.98,"Common stock, no par (preferred WVVIP ignored)=4.98@2026-08-12","Form 10-Q Q2 2026, cover page: 4,979,529 common shares outstanding as of 12 Aug 2026 (balance sheet: same at 30 Jun 2026). Series A redeemable preferred 11,019,872 excluded",9.31,8.3,,"FY2025 (to 31 Dec 2025) — Not computable: revenue split only by channel (Retail $20.46m incl. tasting-room, wine club, on-site events, kitchen & catering; In-state $6.16m; Out-of-state $11.01m; total $37.62m). Distributor (wine-only) share is 45.6%; retail not split between wine and food/events",https://www.sec.gov/Archives/edgar/data/838875/000119983526000061/wvvi-10k.htm,TRUE,2026-07-03,exact,,,https://boomcellar.com/vineyard/WVVI
BC-00016,Viña San Pedro Tarapacá,Indexed,,VSPT.SN,,Santiago,Chile,CLP,CL0002209253,cross-checked,,,,,BBG001S7X1F6,XSGO,TRUE,,,,12-31,http://apiws.bolsadesantiago.com/ifrs/newobtenerpdf.asp?nemo=VSPT,2026-07-03,,TRUE,FALSE,FALSE,2.08,3.8,2026-09-28,39969.697,http://apiws.bolsadesantiago.com/ifrs/newobtenerpdf.asp?nemo=VSPT,2026-06-30,39969.697,Ordinary (single series)=39969.697@2026-06-30,"Interim consolidated FS 30 Jun 2026 (filed to Bolsa de Santiago/CMF), equity note 'Capital' (printed p.75): 39,969,696,632 fully subscribed and paid shares, single series",155.4,138.57,,"FY2025 (to 31 Dec 2025) — Not computable: segments are by destination market only (Chile domestic, Argentina domestic, international, 'Otros' incl. unbranded bulk wine and other income); revenue described as 'principalmente por la venta de vinos' (not wine-only); no product split",http://apiws.bolsadesantiago.com/ifrs/newobtenerpdf.asp?nemo=VSPT,FALSE,2026-07-03,exact,,,https://boomcellar.com/vineyard/VSPT.SN
BC-00017,Delegat Group,Indexed,,DGL.NZ,,NZX,New Zealand,NZD,NZDGLE0001S3,cross-checked,,,,,BBG001SQJ927,XNZE,TRUE,,,,06-30,https://www.delegat.com/wp-content/uploads/2026/08/DGL-2026-Results-Announcement.pdf,2026-07-03,,TRUE,FALSE,TRUE,3.11,4.1,2026-10-09,101.13,https://www.delegat.com/wp-content/uploads/2025/09/DGL-2025-Annual-Report.pdf,2025-06-30,101.13,Ordinary=101.13@2025-06-30,"Annual Report 2025, equity note 'Movement in the Number of Ordinary Shares on Issue' (PDF p.52): 101,130 thousand at end of year; shareholder distribution table (PDF p.98): 101,130,192. FY2026 results (https://www.delegat.com/wp-content/uploads/2026/08/DGL-2026-Results-Announcement.pdf, p.4 note…",232.4,207.24,100,"FY2026 (to 30 Jun 2026) — 100% (no other activity reported): total revenue NZ$364,117k equals total operating revenue; revenue policy states primary source of revenue is providing wine to retailers and distributors (sale of goods), only other revenue class is interest",https://www.delegat.com/wp-content/uploads/2026/08/DGL-2026-Results-Announcement.pdf,TRUE,2026-07-03,exact,,,https://boomcellar.com/vineyard/DGL.NZ
BC-00018,Foley Wines,Indexed,,FWL.NZ,,NZX,New Zealand,NZD,NZGRME0001S1,cross-checked,,,,,BBG001SDWV86,XNZE,TRUE,,,,06-30,https://www.foleywines.co.nz/download_file/354/239,2026-07-03,,TRUE,TRUE,TRUE,0.3,0.6,2026-10-09,65.736,https://www.foleywines.co.nz/download_file/354/239,2026-06-30,65.736,Ordinary=65.736@2026-06-30,"Annual Report 2026, Note 8 Share capital 'Fully paid up ordinary shares' (PDF p.23, spread layout): 65,736,148; 'There were no share issues during the year'. Convertible notes convertible into 7,863,025 shares not included",22.11,19.71,92.5,"FY2026 (to 30 Jun 2026) — 'Sales revenue – sale of goods – bottled wine' NZ$62,800k / total revenue 67,868k; 'Sales revenue – other' 4,995k (not itemised; may include bulk wine) plus rent/insurance 73k",https://www.foleywines.co.nz/download_file/354/239,TRUE,2026-07-03,exact,,,https://boomcellar.com/vineyard/FWL.NZ
BC-00019,Australian Vintage,Indexed,,AVG.AX,,ASX,Australia,AUD,AU000000AVG6,cross-checked,529900KW60OV1UC78151,LAPSED,gleif-name,GLEIF name match ACN 052 179 932,BBG001S656F8,XASX,TRUE,AU,https://search.gleif.org/#/record/529900KW60OV1UC78151,,06-30,https://cdn-api.markitdigital.com/apiman-gateway/ASX/asx-research/1.0/file/2924-03126877-2A1692460?access_token=83ff96335c2d45a094df02a206a39ff4,2026-07-03,,TRUE,TRUE,TRUE,0.28,0.09,2026-10-08,329.463,https://cdn-api.markitdigital.com/apiman-gateway/ASX/asx-research/1.0/file/2924-03126877-2A1692460?access_token=83ff96335c2d45a094df02a206a39ff4,2026-06-30,329.463,"Ordinary (fully paid, no par)=329.463@2026-06-30","ASX release 'AVG Appendix 4E and Financial Statements 30 June 2026' (26 Aug 2026), Note 17 Share capital (PDF p.51): 329,462,923 fully paid ordinary shares at end of FY26, no movement in year",20.64,18.41,96.8,"FY2026 (to 30 Jun 2026) — 'Sales of wine' A$249,286k / revenue from contracts with customers 257,557k; company definition of 'sales of wine' includes bottled & bulk alcoholic wine, non-alcoholic wine, other beverages and grape concentrate (not separable); 'Other' = contract processing 8,271k",https://cdn-api.markitdigital.com/apiman-gateway/ASX/asx-research/1.0/file/2924-03126877-2A1692460?access_token=83ff96335c2d45a094df02a206a39ff4,TRUE,2026-07-03,exact,,,https://boomcellar.com/vineyard/AVG.AX
BC-00020,Sula Vineyards,Indexed,,SULA.NS,,NSE,India,INR,INE142Q01026,cross-checked,335800YWVHGFST1K9N93,ISSUED,gleif-name,"GLEIF name match, CIN L15549MH2003PLC139352",BBG00B6CMVJ9,XNSE,TRUE,IN,https://search.gleif.org/#/record/335800YWVHGFST1K9N93,,03-31,https://sulavineyards.com/files/0526/Annual%20Report%2025-26.pdf,2026-07-03,,TRUE,FALSE,TRUE,1.56,133.41,2026-10-07,84.447,https://sulavineyards.com/files/0526/Annual%20Report%2025-26.pdf,2026-03-31,84.447,"Equity shares, face value INR 2=84.447@2026-03-31","Annual Report FY2025-26, consolidated FS note on Equity share capital (PDF p.159): 8,44,47,229 issued, subscribed and fully paid-up shares at 31 Mar 2026",116.41,103.8,,"FY2025-26 (to 31 Mar 2026) — Not computable: single operating segment 'Manufacture, purchase and sale of alcoholic beverages (wine and spirits)'; revenue split only into manufactured goods INR 426.03 cr, traded goods 49.28 cr (incl. imported wines & spirits), services (wine tourism) 72.79 cr, other operating revenue (govt grant) 48.09 cr; total 596.19 cr. No wine-only figure",https://sulavineyards.com/files/0526/Annual%20Report%2025-26.pdf,FALSE,2026-07-03,exact,,,https://boomcellar.com/vineyard/SULA.NS
BC-00021,Yantai Changyu Pioneer Wine,Indexed,,000869.SZ,,Shenzhen,China,CNY,CNE000001568,cross-checked,655600C3GCRQ97OZ2472,LAPSED,gleif-name,GLEIF 烟台张裕葡萄酿酒股份有限公司,BBG001SJWSC5,XSHE,TRUE,CN,https://search.gleif.org/#/record/655600C3GCRQ97OZ2472,,12-31,http://static.cninfo.com.cn/finalpage/2026-04-18/1225116350.pdf,2026-07-03,,TRUE,FALSE,TRUE,17.19,18.76,2026-10-08,457.667,http://static.cninfo.com.cn/finalpage/2026-09-22/1225574023.PDF,2026-09-18,643.28,"A (RMB ordinary, Shenzhen 000869)=457.667@2026-09-18|B (domestically listed foreign shares, Shenzhen B 200869)=185.613@2026-09-18","Announcement 2026-临45 'Completion of cancellation of repurchased shares and change in share capital' (22 Sep 2026), §3 share-structure table (p.4): 人民币普通股 457,666,921",1282.65,1143.74,71.6,"FY2025 (to 31 Dec 2025) — Revenue by product: 葡萄酒 (grape wine) RMB 2,139,677,741 / 营业收入合计 2,988,667,522 = 71.59% (brandy 25.40%, tourism 2.36%, other 0.65%)",http://static.cninfo.com.cn/finalpage/2026-04-18/1225116350.pdf,TRUE,2026-07-03,exact,,,https://boomcellar.com/vineyard/000869.SZ
BC-00022,Bodegas Riojanas,Indexed,,RIO.MC,,BME Madrid,Spain,EUR,ES0115002018,gleif,9598006DQSU4NU073U58,ISSUED,gleif-isin,,BBG001SB92H0,XMAD,TRUE,ES,https://search.gleif.org/#/record/9598006DQSU4NU073U58,,12-31,https://www.cnmv.es/webservices/verdocumento/ver?e=4Z3OVpN1AquBwZTOciOVgkvGON43wHHcXbrRTjRnO%2bCze5HLI2BThe6mgBjw3Gx%2f,2026-07-03,,TRUE,TRUE,FALSE,0.06,0.84,2026-10-08,5.05731,https://www.cnmv.es/portal/otra-informacion-regulada-corporativa/derechos-voto-capital.aspx?Nif=A-26000398,2026-09-22,50.573,Ordinary EUR 0.10 (single class)=50.573@2026-09-22,"CNMV 'Total derechos voto y capital' register (filing no. 42947, 30 Sep 2026): capital EUR 5,057,310.00, 50,573,100 shares, inscribed 22/09/2026. Background: OIR 'Aumento de capital' 23 Sep 2026 (https://www.cnmv.es/webservices/verdocumento/ver?t=%7bfe3e452c-8ca7-48e2-8858-5da6dda0d26d%7d):…",4.76,4.25,100,"FY2025 (to 31 Dec 2025) — ~100%: report states net turnover 'se corresponde prácticamente en su totalidad con la venta de vino'; corporate purpose/activity is elaboration, ageing and sale of wine (individual accounts; turnover EUR 12,943k)",https://www.cnmv.es/webservices/verdocumento/ver?e=4Z3OVpN1AquBwZTOciOVgkvGON43wHHcXbrRTjRnO%2bCze5HLI2BThe6mgBjw3Gx%2f,TRUE,2026-07-03,exact,,,https://boomcellar.com/vineyard/RIO.MC
BC-00023,Fratelli Vineyards,"Eligible, awaiting reconstitution",Eligible — awaiting reconstitution,FRATELLI.BO,,BSE,India,INR,INE401Z01019,primary,335800Z5MB6REBEPG879,ISSUED,gleif-name,GLEIF name match (formerly Tinna Trade Ltd),BBG006YQQKK6,XBOM,TRUE,IN,https://search.gleif.org/#/record/335800Z5MB6REBEPG879,,,,,,FALSE,FALSE,FALSE,,,,43.472394,https://investor-relations.fratelliwines.in/uploads/media/1788766996_fratelli_vinneyards_annual_report_2026.pdf,2026-03-31,43.472394,"Equity shares of Rs 10 each, issued, subscribed and fully paid up; single class. Total shares, not free float.=43.472394@2026-03-31","Annual Report 2025-26, Notes to Consolidated Financial Statements, Equity share capital (b) Issued, subscribed and fully paid up, PDF p. 167",,,100,company segment reporting (register evidence),https://investor-relations.fratelliwines.in/uploads/media/1788766996_fratelli_vinneyards_annual_report_2026.pdf,FALSE,2026-09-27,exact,,"An Indian grape-wine producer, formerly Tinna Trade, listed on BSE under scrip code 541741. Its FY2026 consolidated accounts place almost all revenue in the wine manufacturing and sales segment, which includes its canned wine-based drinks. It meets the inclusion rule and trades daily; it awaits the next scheduled reconstitution.",https://boomcellar.com/coverage
BC-00024,Weilong Grape Wine,"Eligible, awaiting reconstitution",Eligible — awaiting reconstitution,603779.SS,,Shanghai,China,CNY,CNE100002797,cross-checked,,,,,BBG006FTHLC8,XSHG,TRUE,,,,,,,,FALSE,FALSE,FALSE,,,,332.1,http://static.cninfo.com.cn/finalpage/2026-08-26/1225501141.PDF,2026-06-30,332.082754,A=332.082754@2026-06-30,"2026 interim report, PDF p.49 (company background note: 累计发行股本总数 332,082,754 股); also balance sheet p.35",,,90.6,"FY2025 — Grape wine product lines (有机及生态葡萄酒 231,104,823.28 + 传统葡萄酒干型酒 98,189,165.21) / total operating revenue 363,423,301.50 RMB",http://static.cninfo.com.cn/finalpage/2026-04-29/1225227770.PDF,FALSE,2026-09-27,on_or_before,,Meets the inclusion rule on every test applied so far. Awaiting the next scheduled reconstitution.,https://boomcellar.com/coverage
BC-00025,Gansu Mogao Industry Development,"Eligible, awaiting reconstitution",Eligible — awaiting reconstitution,600543.SS,,Shanghai,China,CNY,CNE000001H11,cross-checked,,,,,BBG001SK11P1,XSHG,TRUE,,,,,,,,FALSE,FALSE,FALSE,,,,321.1,http://static.cninfo.com.cn/finalpage/2026-08-29/1225529347.PDF,2026-06-30,321.12,A=321.12@2026-06-30,"2026 interim report, PDF p.88 note 股本 (股份总数 321,120,000); p.24 no change in share capital",,,13.2,"FY2025 — 葡萄酒 product revenue 26,905,627.11 / total operating revenue 203,524,209.34 RMB",http://static.cninfo.com.cn/finalpage/2026-04-24/1225170088.PDF,FALSE,2026-09-27,on_or_before,,One of five listed A-share grape-wine producers. Meets the inclusion rule on every test applied so far; awaiting the next scheduled reconstitution.,https://boomcellar.com/coverage
BC-00026,CITIC Niya Wine,"Eligible, awaiting reconstitution",Eligible — awaiting reconstitution,600084.SS,,Shanghai,China,CNY,CNE000000RZ7,cross-checked,300300ZH8S9V29TPHN03,LAPSED,gleif-name,"GLEIF legal name 中信国安葡萄酒业股份有限公司 (CITIC Guoan Wine, Urumqi) = listed issuer's registered name; confirm rename",BBG001SB37W8,XSHG,TRUE,CN,https://search.gleif.org/#/record/300300ZH8S9V29TPHN03,,,,,,FALSE,FALSE,FALSE,,,,1123.7,http://static.cninfo.com.cn/finalpage/2026-08-25/1225500432.PDF,2026-06-30,1123.72683,A=1123.72683@2026-06-30,"2026 interim report, PDF p.28 consolidated balance sheet 实收资本(或股本) 1,123,726,830.00 (RMB1 par); p.23 no change in shares",,,94.6,"FY2025 — 酒业类 industry revenue (finished wine 113,021,939.01 + bulk wine 3,623,974.81 = 116,645,913.82) / total operating revenue 123,303,801.05 RMB",http://static.cninfo.com.cn/finalpage/2026-04-28/1225212720.PDF,FALSE,2026-09-27,on_or_before,,"Renamed from CITIC Guoan, which is why it is often missed on older lists. Meets the inclusion rule on every test applied so far; awaiting the next scheduled reconstitution.",https://boomcellar.com/coverage
BC-00027,Dynasty Fine Wines Group,"Eligible, awaiting reconstitution",Eligible — awaiting reconstitution,0828.HK,,HKSE,China/Hong Kong,HKD,KYG2950W1087,cross-checked,,,,,BBG001SCQ2Y0,XHKG,TRUE,,,,,,,,FALSE,FALSE,FALSE,,,,1408.4,https://www1.hkexnews.hk/listedco/listconews/sehk/2026/0901/2026090103333.pdf,2026-08-31,1408.405886,Ordinary=1408.405886@2026-08-31,"Monthly Return for month ended 31 Aug 2026, Section II issued shares, balance at close of month 1,408,405,886 (0 treasury)",,,93,FY2025 — MD&A: red wine ~39% + white wine ~54% of revenue (approximate percentages as disclosed; total revenue HK$170.0m),https://www1.hkexnews.hk/listedco/listconews/sehk/2026/0428/2026042803827.pdf,FALSE,2026-09-27,on_or_before,,"A listed grape-wine producer with a verified share count. FY2025 revenue was HK$170.0m, down 37% year on year.",https://boomcellar.com/coverage
BC-00028,PT Hatten Bali Tbk,"Tracked, not indexed",Held — float or turnover,WINE.JK,,Indonesia Stock Exchange,Indonesia,IDR,ID1000182207,cross-checked,,,,,BBG01C2XS131,XIDX,TRUE,,,,,,,,FALSE,FALSE,FALSE,,,,2710,https://indopremier.com/xdir/news/LAPORAN%20KEUANGAN/2026/q2/////WINE_Q2_2026.pdf,2026-06-30,2710,Ordinary (Rp50 par)=2710@2026-06-30,"30 Jun 2026 consolidated FS, Note 20 Share Capital, PDF p.76 (total 2,710,000,000 shares); also statement of financial position p.4",,,94.7,company segment reporting (register evidence),https://hattenbali.co.id/wp-content/uploads/2026/03/1.1-Laporan-Keuangan-dan-SPD-Tahun-2025-1.pdf,FALSE,2026-09-27,on_or_before,,"Grape wine is 94.74% of revenue, so the company meets the inclusion rule. It is not indexed on tradability: the free float is 17.70% and average daily turnover is roughly USD 5,000, too thin to carry an index weight.",https://boomcellar.com/coverage
BC-00029,Tonghua Grape Wine,"Tracked, not indexed",Held — float or turnover,600365.SS,,Shanghai,China,CNY,CNE0000016K7,cross-checked,,,,,BBG001SGRC05,XSHG,TRUE,,,,,,,,FALSE,FALSE,FALSE,,,,453.9,http://static.cninfo.com.cn/finalpage/2026-08-25/1225497819.PDF,2026-06-30,453.93,A=453.93@2026-06-30,"2026 interim report, PDF p.24 股本变动表 三、股份总数 453,930,000 (after repurchase-cancellation of 100,000 restricted shares); note p.103",,,13.9,"FY2025 — 自制葡萄酒 (own-made grape wine) 94,836,689.65 / total operating revenue 682,654,058.77 RMB",http://static.cninfo.com.cn/finalpage/2026-04-21/1225131992.PDF,FALSE,2026-09-27,on_or_before,,"Carries the Shanghai exchange's ST prefix, a delisting-risk warning. Not admitted while that flag stands.",https://boomcellar.com/coverage
BC-00030,China Tontine Wines Group,"Tracked, not indexed",Held — float or turnover,0389.HK,,HKSE,China/Hong Kong,HKD,BMG215A42065,cross-checked,,,,,BBG001T5ZKS1,XHKG,TRUE,,,,,,,,FALSE,FALSE,FALSE,,,,301.6,https://www1.hkexnews.hk/listedco/listconews/sehk/2026/0901/2026090101963.pdf,2026-08-31,301.5618,Ordinary=301.5618@2026-08-31,"Monthly Return for month ended 31 Aug 2026, issued shares balance at close 301,561,800",,,43.9,"FY2025 — Revenue from major products: sweet wines 5,906 + dry wines 63,995 = 69,901 / total 159,373 RMB'000 (spirits 68,443 and Japanese sake 16,505 excluded)",https://www1.hkexnews.hk/listedco/listconews/sehk/2026/0415/2026041500612.pdf,FALSE,2026-09-27,on_or_before,,Resumed trading in February 2026 after an 18-month suspension and has traded no volume since. A listing with no turnover cannot be priced.,https://boomcellar.com/coverage
BC-00031,Grace Wine Holdings,"Tracked, not indexed",Held — float or turnover,8146.HK,,HKSE GEM,China/Hong Kong,HKD,KYG4036R1039,cross-checked,,,,,BBG00L4JT9N1,XGEM,TRUE,,,,,,,,FALSE,FALSE,FALSE,,,,813,https://www1.hkexnews.hk/listedco/listconews/gem/2026/0901/2026090100381.pdf,2026-08-31,813,Ordinary=813@2026-08-31,"Monthly Return for month ended 31 Aug 2026, issued shares balance at close 813,000,000",,,100,"FY2025 — Segment 'Production of wines' sales 34,881 RMB'000 = 100% of continuing-operations revenue; spirits segment (159k) disposed and presented as discontinued (99.55% incl. discontinued)",https://www1.hkexnews.hk/listedco/listconews/gem/2026/0416/2026041600458.pdf,FALSE,2026-09-27,on_or_before,,Listed on the Hong Kong GEM board. Turnover is too thin to carry an index weight.,https://boomcellar.com/coverage
BC-00032,China Ouhua Winery,"Tracked, not indexed",Held — float or turnover,5188.KL,,Bursa Malaysia,Malaysia,MYR,SG9999006936,cross-checked,,,,,BBG001TCSD73,XKLS,TRUE,,,,,,,,FALSE,FALSE,FALSE,,,,668,,,,,,,,100,FY2025 — MD&A states FY2025 sales 'recorded was solely through sales of red wine' (revenue RMB11.464m),https://newsfile.moomoo.com/public/NN-PersistNoticeAttachment/7781/20260511/MYX/MYX_3664658_252680.pdf,FALSE,2026-09-27,on_or_before,,A distressed micro-cap. Not admitted on tradability.,https://boomcellar.com/coverage
BC-00033,Wine's Link International,"Tracked, not indexed",Revenue split not disclosed,8509.HK,,HKSE GEM,Hong Kong,HKD,KYG9705R1020,cross-checked,,,,,BBG00JMZGLB0,XGEM,TRUE,,,,03-31,https://www1.hkexnews.hk/listedco/listconews/gem/2026/0723/2026072300420.pdf,,,FALSE,FALSE,FALSE,,,,400,https://www1.hkexnews.hk/listedco/listconews/gem/2026/0901/2026090101666.pdf,2026-08-31,400,Ordinary=400@2026-08-31,"Monthly Return for month ended 31 Aug 2026, issued shares balance at close 400,000,000",,,74.7,"FY2026 (YE 31 Mar 2026) — Note 5 disaggregation: wine products 267,686 / total revenue 358,508 HK$'000 (other alcoholic beverages 90,676; accessories 146)",https://www1.hkexnews.hk/listedco/listconews/gem/2026/0723/2026072300420.pdf,FALSE,2026-09-27,on_or_before,,"A wine merchant rather than a producer, which the inclusion rule admits. Awaiting a published revenue split.",https://boomcellar.com/coverage
BC-00034,Carmel Corp,"Tracked, not indexed",Held — share count unverified,CRML.TA,,Tel Aviv,Israel,ILA,IL0011476855,cross-checked,,,,,BBG00L7TXL90,XTAE,TRUE,,,,,,,,FALSE,FALSE,FALSE,,,,,,,,,,,,,,,FALSE,2026-09-27,on_or_before,,"Quoted in agorot rather than shekels, and its share count is not published in a form the index can use. Both are needed before admission.",https://boomcellar.com/coverage
BC-00035,Thang Long Wine,"Tracked, not indexed",Held — no data feed for this venue,VTL.HN,,Hanoi (HNX),Vietnam,VND,VN000000VTL7,secondary,,,,"One market-data record (MarketScreener instrument page, marked inactive; also in the VSD search index, site unreachable). HNX trading registration cancelled; not yet confirmed with VSD. No LEI in GLEIF.",,HSTC,TRUE,,,,,,,,FALSE,FALSE,FALSE,,,,,https://owa.hnx.vn/ftp///cims/2025/3_W6/000000014716849_Bao_cao_tai_chinh_hop_nhat_da_duoc_kiem_toan_cua_Cong_ty_CP_VTL_sign.pdf,2024-12-31,10.119984,Ordinary=10.119984@2024-12-31,"FY2024 audited consolidated FS, note on owner's equity - shares issued/outstanding 10,119,984, PDF p.34 (scanned); matches HNX profile KLLH 10,119,984",,,,,,FALSE,2026-09-27,on_or_before,,"Listed on the Hanoi exchange, which the price feed does not reach.",https://boomcellar.com/coverage
BC-00036,Zhejiang Guyuelongshan Shaoxing Wine,Excluded,Not grape wine,600059.SS,,Shanghai,China,CNY,CNE000000Q03,cross-checked,,,,,BBG001S7V2Y5,XSHG,TRUE,,,,,,,,FALSE,FALSE,FALSE,,,,911.542,http://static.cninfo.com.cn/finalpage/2026-08-28/1225516863.PDF,2026-06-30,911.542413,A=911.542413@2026-06-30,"2026 interim report, PDF p.91 note 股本 (股份总数 911,542,413)",,,0,company segment reporting (register evidence),http://file.finance.sina.com.cn/211.154.219.97:9494/MRGG/CNSESH_STOCK/2026/2026-4/2026-04-23/12153467.PDF,FALSE,2026-09-27,on_or_before,,"Produces huangjiu, or Shaoxing rice wine, which is not made from grapes. Grape wine is not mentioned anywhere in the company's 2025 annual report.",https://boomcellar.com/coverage
BC-00037,Shanxi Xinghuacun Fen Wine Factory,Excluded,Not grape wine,600809.SS,,Shanghai,China,CNY,CNE000000DH5,cross-checked,,,,,BBG001S7YT46,XSHG,TRUE,,,,,,,,FALSE,FALSE,FALSE,,,,1219.964,http://static.cninfo.com.cn/finalpage/2026-08-31/1225535289.PDF,2026-06-30,1219.964222,A=1219.964222@2026-06-30,"2026 interim report, PDF p.92 note 股本 (股份总数 1,219,964,222)",,,0,company segment reporting (register evidence),https://www.100est.com/res/financial-report/2025/SH600809_202604221821466497.pdf,FALSE,2026-09-27,on_or_before,,"Produces baijiu, a distilled spirit. Grape wine is not mentioned anywhere in the company's 2025 annual report.",https://boomcellar.com/coverage
BC-00038,Virgin Wines UK,"Eligible, awaiting reconstitution",Eligible — awaiting reconstitution,VINO.L,,LSE AIM,United Kingdom,GBp,GB00BN33TR63,gleif,2138002RL2S1UV7CK716,ISSUED,gleif-isin,,BBG001SP57K8,AIMX,TRUE,GB,https://search.gleif.org/#/record/2138002RL2S1UV7CK716,,06-27,https://www.investegate.co.uk/announcement/rns/virgin-wines-uk--vino/annual-results/9185820,,,FALSE,FALSE,FALSE,,,,55.246,https://www.investegate.co.uk/announcement/rns/virgin-wines-uk--vino/total-voting-rights/9501854,2026-03-31,47.576544,Ordinary 1p (excl. treasury)=47.576544@2026-03-31,"RNS 'Total Voting Rights' 1 Apr 2026: 55,246,080 issued, 7,669,536 in treasury, 47,576,544 voting shares",,,,FY to 27 Jun 2025 — Not disclosed: single IFRS 8 operating segment; revenue not disaggregated by product,https://www.investegate.co.uk/announcement/rns/virgin-wines-uk--vino/annual-results/9185820,FALSE,2026-09-27,on_or_before,,"A direct-to-consumer wine retailer, which the inclusion rule admits. Meets the rule on every test applied so far; awaiting the next scheduled reconstitution.",https://boomcellar.com/coverage
BC-00039,Lombard & Medot,"Tracked, not indexed",Held — float or turnover,MLCAC.PA,,Euronext Paris,France,EUR,FR0006205019,gleif,969500M83NANZZ5FGF95,ISSUED,gleif-isin,,BBG001SCC373,XPAR,TRUE,FR,https://search.gleif.org/#/record/969500M83NANZZ5FGF95,,12-31,https://www.champagne-lombard.com/wp-content/uploads/2026/06/RAPPORT-GESTION-2025_V4.pdf,,,FALSE,FALSE,FALSE,,,,0.489,https://www.champagne-lombard.com/wp-content/uploads/2026/06/calcul-resultat-pr-rapport-de-gestion-2025-5-dernieres-annees.xls,2025-12-31,0.48904,Ordinary (single class)=0.48904@2025-12-31,"'Résultats des 5 derniers exercices' table (annex to Rapport de gestion 2025), row 'Nombre d'actions', Année 2025 = 489,040",,,,"FY2025 (to 31 Dec 2025) — Not disclosed as a %: company's sole activity is Champagne négoce; CA EUR 9,735,679 (export 42%) with no product split",https://www.champagne-lombard.com/wp-content/uploads/2026/06/RAPPORT-GESTION-2025_V4.pdf,FALSE,2026-09-27,on_or_before,,"A Champagne house with 489,000 shares outstanding and a market value near EUR 8m. Too small to carry a meaningful index weight.",https://boomcellar.com/coverage
BC-00040,Sektkellerei J. Oppmann,"Tracked, not indexed",Held — float or turnover,1SK.MU,,Munich,Germany,EUR,DE000A0WMJJ9,cross-checked,391200VSKMSEUMXMEP03,ISSUED,gleif-name,GLEIF filter[isin] hit,BBG001T58QG1,XMUN,TRUE,DE,https://search.gleif.org/#/record/391200VSKMSEUMXMEP03,,,,,,FALSE,FALSE,FALSE,,,,0.036,https://www.oppmann.de/media/08/39/43/1778839422/Gescha%CC%88ftsbericht%202025.pdf,2025-12-31,0.036,No-par bearer shares (Stückaktien)=0.036@2025-12-31,"Geschäftsbericht 2025, Anhang 'Gezeichnetes Kapital' (PDF p.16): Grundkapital EUR 180,000 in 36,000 Stückaktien",,,,"FY2025 — Not disclosed: revenue split only by customer channel (Gastronomie 47.33%, wholesale/retail 32.48%, industry/private/other 9.48%, contract production 10.71%)",https://www.oppmann.de/media/08/39/43/1778839422/Gescha%CC%88ftsbericht%202025.pdf,FALSE,2026-09-27,on_or_before,,"A sparkling-wine producer with 36,000 shares outstanding, the smallest listing in the sector and well below any tradability threshold.",https://boomcellar.com/coverage
BC-00041,Hawesko Holding SE,"Tracked, not indexed",Revenue split not disclosed,HAW.DE,,XETRA,Germany,EUR,DE0006042708,gleif,52990061BHKV91FGSB18,ISSUED,gleif-isin,,BBG001SB60W0,XETR,TRUE,DE,https://search.gleif.org/#/record/52990061BHKV91FGSB18,,,,,,FALSE,FALSE,FALSE,,,,8.983,https://www.hawesko-holding.com/media/pages/investor-relations/geschaftsbericht/6210abb7ba-1777471217/hawesko_holding_se_annual_report_2025.pdf,2025-12-31,8.983403,No-par bearer shares=8.983403@2025-12-31,"Annual Report 2025, Note 25 Subscribed capital (PDF p.141): 8,983,403 shares; 'no treasury shares are held'",,,,"FY2025 — Not disclosed: segments are e-commerce, Retail, B2B, Miscellaneous (channels); no product split",https://www.hawesko-holding.com/media/pages/investor-relations/geschaftsbericht/6210abb7ba-1777471217/hawesko_holding_se_annual_report_2025.pdf,FALSE,2026-09-27,on_or_before,,"A wine retailer and distributor, which the inclusion rule admits. Awaiting a published revenue split before admission.",https://boomcellar.com/coverage
BC-00042,Anora Group,"Tracked, not indexed",Revenue split not disclosed,ANORA.HE,,Nasdaq Helsinki,Finland,EUR,FI4000292438,cross-checked,52990007AXNSS4PNX352,ISSUED,gleif-name,"GLEIF name match, Y-tunnus 1505555-7",BBG001S99W52,XHEL,TRUE,FI,https://search.gleif.org/#/record/52990007AXNSS4PNX352,,,,,,FALSE,FALSE,FALSE,,,,67.554,https://assets.ctfassets.net/197jjpt91b9r/12e001e1522f1b7c48c5e1988174e4b94576e183f82490c4e3d45f16bf5a0e93/9893392f71f2a972638cf6153c8198b7/Anora_Q4_FY_ENG_2025,2025-12-31,67.553624,Ordinary=67.553624@2025-12-31,"Financial Statement Release Jan-Dec 2025 (11 Feb 2026), 'Anora share' p.16: 67,553,624 issued; key-figures table 'Number of shares outstanding at end of period' 67,553,624",,,45.8,FY2025 — Wine segment external net sales EUR 301.1m / Group net sales EUR 657.9m (company-reported segment figures; ratio computed),https://assets.ctfassets.net/197jjpt91b9r/12e001e1522f1b7c48c5e1988174e4b94576e183f82490c4e3d45f16bf5a0e93/9893392f71f2a972638cf6153c8198b7/Anora_Q4_FY_ENG_2025,FALSE,2026-09-27,on_or_before,,A wine and spirits group. The revenue split needed to test the 50% rule has not been published.,https://boomcellar.com/coverage
BC-00043,Marie Brizard Wine & Spirits,"Tracked, not indexed",Revenue split not disclosed,MBWS.PA,,Euronext Paris,France,EUR,FR0000060873,gleif,969500XQM2JOWHKWI437,ISSUED,gleif-isin,,BBG001S60DZ6,XPAR,TRUE,FR,https://search.gleif.org/#/record/969500XQM2JOWHKWI437,,,,,,FALSE,FALSE,FALSE,,,,111.99,https://www.globenewswire.com/news-release/2026/09/14/3361382/0/fr/marie-brizard-wine-spirits-d%C3%A9claration-mensuelle-relative-au-nombre-total-de-droits-de-vote-et-d-actions.html,2026-08-31,111.989823,Ordinary (incl. treasury)=111.989823@2026-08-31,"Monthly declaration of shares/voting rights at 31 Aug 2026: 111,989,823 shares; theoretical VR 203,496,964; exercisable VR 203,362,419 (net of treasury)",,,,"FY2025 — Not disclosed: net sales reported by cluster only (France EUR 69.1m, International EUR 102.9m; total EUR 172.0m)",https://www.globenewswire.com/news-release/2026/04/16/3275705/0/fr/Marie-Brizard-Wine-Spirits-R%C3%A9sultats-annuels-2025.html,FALSE,2026-09-27,on_or_before,,"Reports revenue by region only, so the wine share cannot be tested. Its principal brands are spirits and liqueurs.",https://boomcellar.com/coverage
BC-00044,Abrau-Durso,"Tracked, not indexed",Held — not investable from the West,ABRD.ME,,Moscow Exchange (MOEX),Russia,RUB,RU000A0JS5T7,cross-checked,,,,,BBG002W2FTB3,MISX,TRUE,,,,,,,,FALSE,FALSE,FALSE,,,,108.89,https://iss.moex.com/iss/securities/ABRD.json,2026-09-30,108.889117,Ordinary=108.889117@2026-09-30,"Moscow Exchange ISS security description, field ISSUESIZE = 108,889,117 (reg. no. 1-02-12500-A; retrieved 2026-09-30)",,,,Not sourced: company IFRS statements unreachable,,FALSE,2026-09-27,on_or_before,,"Russia's largest sparkling-wine producer, founded in 1870 and listed in Moscow. It is tracked here but not indexed: the shares cannot be bought or held by investors in most Western jurisdictions, so an index containing them would publish a return nobody could actually earn.",https://boomcellar.com/coverage
BC-00045,TFF Group,Excluded,Supplies the wine industry,TFF.PA,,Euronext Paris,France,EUR,FR0013295789,gleif,969500N6BAT2PU986341,ISSUED,gleif-isin,,BBG001S6X845,XPAR,TRUE,FR,https://search.gleif.org/#/record/969500N6BAT2PU986341,,04-30,https://files.webdisclosure.com/1420435/FRTFFComRA2026.pdf,,,FALSE,FALSE,FALSE,,,,,https://www.tff-group.com/sites/default/files/fichier/202510/fr-tff-rapport-annuel-2025.pdf,2025-04-30,21.68,Ordinary=21.68@2025-04-30,"Rapport annuel 2024-2025, Rapport de gestion capital table 'Situation au 30 avril 2025': TOTAL 21,680,000 shares = 21,680,000 voting rights; capital EUR 8,672,000 unchanged",,,,"FY2025/26 (to 30 Apr 2026) — 52.7% is the Pôle Vin — barrels and oak sold to wineries — not wine sales. Pôle Vin revenue EUR 164.9m / consolidated revenue EUR 312.75m (company-reported division figures; ratio computed). FY2024/25 company-stated split: Vin 45.1%, Bourbon 38.8%, Whisky 16.1%",https://files.webdisclosure.com/1420435/FRTFFComRA2026.pdf,FALSE,2026-09-27,on_or_before,,"Makes oak barrels for wineries. Its customer is the winery rather than the wine drinker, so it falls outside the inclusion rule. Tracked instead as part of the COOPER indicator.",https://boomcellar.com/coverage
BC-00046,Oeneo,Excluded,Supplies the wine industry,SBT.PA,,Euronext Paris,France,EUR,FR0000052680,gleif,9695009X63IU81RJEY17,ISSUED,gleif-isin,,BBG001S7RFZ0,XPAR,TRUE,FR,https://search.gleif.org/#/record/9695009X63IU81RJEY17,,03-31,https://www.webdisclosure.fr/press-release/oeneo-epa-sbt-resultats-annuels-2025-2026-marge-operationnelle-courante-de-137-free-cash-flow-largement-positif-qui-renforce-une-structure-financiere-tres-solide-mElS2deAxbl,,,FALSE,FALSE,FALSE,,,,,https://www.webdisclosure.com/press-release/oeneo-epa-sbt-declaration-mensuelle-relative-au-nombre-total-de-droits-de-vote-et-dactions-GFWN9uaC0cb,2026-08-04,63.361457,Ordinary (incl. treasury)=63.361457@2026-08-04,"Monthly declaration published 10 Aug 2026: 63,361,457 shares; theoretical VR 109,034,441; exercisable VR 108,222,492 (net of treasury)",,,,FY2025/26 (to 31 Mar 2026) — No wine segment: company reports Bouchage (closures) EUR 210.7m and Elevage (barrels/oak) EUR 64.8m of EUR 275.5m,https://www.webdisclosure.fr/press-release/oeneo-epa-sbt-resultats-annuels-2025-2026-marge-operationnelle-courante-de-137-free-cash-flow-largement-positif-qui-renforce-une-structure-financiere-tres-solide-mElS2deAxbl,FALSE,2026-09-27,on_or_before,,Makes wine closures and barrels through Diam and Seguin Moreau. A supplier to wineries rather than a seller of wine. Tracked as part of the COOPER indicator.,https://boomcellar.com/coverage
BC-00047,Verallia,Excluded,Supplies the wine industry,VRLA.PA,,Euronext Paris,France,EUR,FR0013447729,gleif,5299007YZU978DE0ZY32,ISSUED,gleif-isin,,BBG001V19661,XPAR,TRUE,FR,https://search.gleif.org/#/record/5299007YZU978DE0ZY32,,,,,,FALSE,FALSE,FALSE,,,,,https://www.verallia.com/en/investors/shareholding/,2026-08-31,127.587292,Ordinary (incl. treasury)=127.587292@2026-08-31,"Company 'Share capital' page: 127,587,292 shares since 18 Jun 2026; shareholding at 31 Aug 2026 incl. treasury 2,867,898 (2.25%) -> 124,719,394 ex-treasury",,,,"FY2025 — 42% is glass bottles sold for wine, not wine sales. Company-stated: still-wine bottles 31% + sparkling-wine bottles 11% of consolidated revenue (breakdown by end market)",https://www.verallia.com/wp-content/uploads/2026/03/Verallia_URD_2025.pdf,FALSE,2026-09-27,on_or_before,,"A glassmaker, with 42% of revenue from wine and sparkling bottles. A supplier to wineries rather than a seller of wine.",https://boomcellar.com/coverage
BC-00048,Viña Santa Rita,"Tracked, not indexed",Held — float or turnover,SANTA-RITA.SN,,Santiago,Chile,CLP,CLP8525M1037,cross-checked,254900K0E4ZQ7Z4VEM91,ISSUED,gleif-name,"GLEIF 'SOC ANONIMA VINA SANTA RITA', RUT 86547900-K",BBG001S821W9,XSGO,TRUE,CL,https://search.gleif.org/#/record/254900K0E4ZQ7Z4VEM91,,,,,,FALSE,FALSE,FALSE,,,,1034.572184,https://www.cmfchile.cl/institucional/inc/inf_financiera/ifrs/safec_ifrs_verarchivo.php?auth=OWI0NDBmNGFmY2UwNmE5MzE1OTM4YmU5YzU1ZmE2MzE%3D&send=FF9cLwswCnRRkMi0asylxk%2FNCcLZgp%2FkGNTgdb+NEmfzTpiZvlmtIbHktRWqlC564aLOG+SwWk28jXPW5cgoSWYMET5Gp7kYoAFj9zCHxz3czbcO2MV1KrHrQVdc3FOvVmVLfRIBtrq2PL7I+%2FpBn5+e9s8EFjXVZcT6slm9jAVUsx4%3D,2025-12-31,1034.572184,"Single series; fully subscribed and paid (acciones de una sola serie, totalmente suscritas y pagadas). Total shares, not free float.=1034.572184@2025-12-31","CMF FY2025 financial statements, note 26 Capital y reservas, (a) Capital suscrito y pagado, PDF p. 71",,,100,"FY2025 — Company-reported single operating segment, labelled 'Vino'; all ingresos de actividades ordinarias CLP 157,008,786k fall in it",https://www.cmfchile.cl/institucional/inc/inf_financiera/ifrs/safec_ifrs_verarchivo.php?auth=OWI0NDBmNGFmY2UwNmE5MzE1OTM4YmU5YzU1ZmE2MzE%3D&send=FF9cLwswCnRRkMi0asylxk%2FNCcLZgp%2FkGNTgdb+NEmfzTpiZvlmtIbHktRWqlC564aLOG+SwWk28jXPW5cgoSWYMET5Gp7kYoAFj9zCHxz3czbcO2MV1KrHrQVdc3FOvVmVLfRIBtrq2PL7I+%2FpBn5+e9s8EFjXVZcT6slm9jAVUsx4%3D,FALSE,2026-09-27,on_or_before,,"A major Chilean producer with 1,034,572,184 shares of a single series, fully subscribed and paid, per its 2025 financial statements filed with Chile's financial regulator. Held on tradability: the Santiago line shows no traded volume in its last 20 sessions.",https://boomcellar.com/coverage
BC-00049,Viñedos Emiliana,"Tracked, not indexed",Held — float or turnover,EMILIANA.SN,,Santiago,Chile,CLP,CLP1744K1070,cross-checked,,,,,BBG001S7WVR8,XSGO,TRUE,,,,,,,,FALSE,FALSE,FALSE,,,,636.428572,https://www.cmfchile.cl/institucional/inc/inf_financiera/ifrs/safec_ifrs_verarchivo.php?auth=YjYyMDUzMjgyYzE2ZjAzMjhjZmY0YTk1OTYyZTc2NGE%3D&send=%2F2afkaSRSXQkiSuIqwuMXsQ+6gCNzcuSTxTbaO8oz0w7iYBaPizaonEUD9LbBGA7hJFYzVvSO9R+nVxMzgzHiEX5ATyLDV6WLaFG7MtsK%2FkD3e98%2FDEZUkAqjNjKsN7GodMPIZQmKZKM5+SMIzdqUXeG1FaOnZvKd2KBa%2FdymNeFHCo%3D,2025-12-31,636.428572,"Ordinary shares, single series, no par value; fully subscribed and paid (acciones ordinarias, de una serie única y sin valor nominal). Total shares, not free float.=636.428572@2025-12-31","CMF FY2025 financial statements, note 29.1 Capital Suscrito y Pagado, PDF p. 98",,,100,"FY2025 — Company-reported single operating segment 'Vinos' (total revenue CLP 28,716,012k)",https://www.cmfchile.cl/institucional/inc/inf_financiera/ifrs/safec_ifrs_verarchivo.php?auth=YjYyMDUzMjgyYzE2ZjAzMjhjZmY0YTk1OTYyZTc2NGE%3D&send=%2F2afkaSRSXQkiSuIqwuMXsQ+6gCNzcuSTxTbaO8oz0w7iYBaPizaonEUD9LbBGA7hJFYzVvSO9R+nVxMzgzHiEX5ATyLDV6WLaFG7MtsK%2FkD3e98%2FDEZUkAqjNjKsN7GodMPIZQmKZKM5+SMIzdqUXeG1FaOnZvKd2KBa%2FdymNeFHCo%3D,FALSE,2026-09-27,on_or_before,,"An organic and biodynamic Chilean producer with 636,428,572 ordinary shares of a single series, fully subscribed and paid, per its 2025 financial statements filed with Chile's financial regulator. Held on tradability: the Santiago line shows no traded volume in its last 20 sessions.",https://boomcellar.com/coverage
BC-00050,Scheid Vineyards,"Tracked, not indexed",Held — share count unverified,SVIN,,OTC,USA,USD,US8064032001,gleif,549300W0VYH0MVQVIM91,LAPSED,gleif-isin,,BBG001SB0FH0,OTCM,TRUE,US-CA,https://search.gleif.org/#/record/549300W0VYH0MVQVIM91,,02-28,https://www.otcmarkets.com/file/company/financial-report/572960/content,,,FALSE,FALSE,FALSE,,,,,https://www.otcmarkets.com/file/company/financial-report/572960/content,2026-02-28,0.916894,Class A (excl. treasury)=0.784343@2026-02-28|Class B=0.132551@2026-02-28,"Annual Report FYE 28 Feb 2026 (OTC Markets), cover + balance sheet p.5: Class A 784,343 outstanding; treasury 467,039 Class A",,,80.3,"FY ended 28 Feb 2026 — Packaged-wine segments: Finished Goods Sales USD 39,879k + Direct Sales USD 2,237k / net revenues USD 52,465k (ratio computed). This is a floor: the Production segment (USD 10,349k) mixes bulk wine, grapes and custom-crush services, and the report does not split it",https://www.otcmarkets.com/file/company/financial-report/572960/content,FALSE,2026-09-27,on_or_before,,Trades over the counter. Awaiting a share count and a tradability check.,https://boomcellar.com/coverage
BC-00051,Diamond Estates Wines & Spirits,"Tracked, not indexed",Held — float or turnover,DWS.V,,TSX Venture,Canada,CAD,CA2525938015,cross-checked,549300TTEOU2GGOFCK90,LAPSED,gleif-name,GLEIF name match,BBG002D7Z1W9,XTSX,TRUE,CA,https://search.gleif.org/#/record/549300TTEOU2GGOFCK90,,03-31,https://www.diamondwines.com/files/DEWS2026Mar31FSFinal1.pdf,,,FALSE,FALSE,FALSE,,,,,https://www.diamondwines.com/files/DEWS2026Jun30MDAFinal.pdf,2026-06-30,67.818328,Common=67.818328@2026-06-30,"Q1 FY2027 MD&A (to 30 Jun 2026), 'Capitalization' table (PDF p.12): common shares 67,818,328 (same at 31 Mar 2026)",,,92,"FY2026 (to 31 Mar 2026) — 'Manufactured wines' segment CAD 27,487,802 / consolidated net revenue CAD 29,882,768 (company segment note; ratio computed)",https://www.diamondwines.com/files/DEWS2026Mar31FSFinal1.pdf,FALSE,2026-09-27,on_or_before,,"In category and genuinely traded, but held on its credit position: the bank facility matures on 30 October 2026 after nine amendments, and Lassonde holds a controlling stake.",https://boomcellar.com/coverage
BC-00052,Corby Spirit and Wine,Excluded,Below the 50% revenue rule,CSW-A.TO,,Toronto,Canada,CAD,CA2183491083,cross-checked,,,,,BBG001S5Y640,XTSE,TRUE,,,,06-30,https://www.corby.ca/wp-content/uploads/2026-Annual-Report.pdf,,,FALSE,FALSE,FALSE,,,,28.469,https://www.corby.ca/wp-content/uploads/2026-Annual-Report.pdf,2026-08-26,28.468856,Voting Class A Common=24.27432@2026-08-26|Non-Voting Class B Common=4.194536@2026-08-26,2026 Annual Report MD&A 'Outstanding share data' (PDF p.32); share capital note (PDF p.86) same at 30 Jun 2026,,,,"FY2026 (to 30 Jun 2026) — Not disclosed: revenue split into case goods, net commissions (CAD 29.4m) and other services; no wine line. Owned brands are 88% of revenue",https://www.corby.ca/wp-content/uploads/2026-Annual-Report.pdf,FALSE,2026-09-27,on_or_before,,"Owned brands are principally whisky, rum, vodka and liqueurs. Even counting every agency commission as wine, the ceiling is 12.4% of revenue.",https://boomcellar.com/coverage
BC-00053,Compañía Cervecerías Unidas,Excluded,Below the 50% revenue rule,CCU,,NYSE,Chile,USD,US2044291043,gleif,529900BJW9B0O6LI2R39,ISSUED,gleif-isin,,BBG001S5VY42,XNYS,FALSE,CL,https://search.gleif.org/#/record/529900BJW9B0O6LI2R39,,,,,,FALSE,FALSE,FALSE,,,,,https://www.sec.gov/Archives/edgar/data/888746/000129281426002680/ccuform20f_2025.htm,2025-12-31,369.502872,"Common stock, no par (underlying; each ADS = 2 shares)=369.502872@2025-12-31","Form 20-F FY2025 cover page: outstanding 'Common stock, with no par value: 369,502,872'; equity note: capital divided into 369,502,872 shares",,,9.5,company segment reporting (register evidence),research/universe-2026-08-16.md,FALSE,2026-09-27,on_or_before,,"Wine is 9.50% of revenue. That is the highest share of any diversified drinks group checked, and still far below the rule.",https://boomcellar.com/coverage
BC-00054,Andrew Peller,Delisted,Taken private,ADW-A.TO,,,Canada,,CA03444Q1000,secondary,894500U51U6ZKKU8I220,ISSUED,gleif-name,"Class A (non-voting, the listed line). OpenFIGI resolves the ISIN to ANDREW PELLER LTD -A and DivvyDiary carries it; no issuer document seen. Class B (voting) is CA03444Q2099 (OpenFIGI only). LEI 894500U51U6ZKKU8I220 is the current record; 549300WIJYUEOEIC8537 is retired.",BBG001S5XQH3,,,CA,https://search.gleif.org/#/record/894500U51U6ZKKU8I220,,,,2026-07-03,2026-08-17,FALSE,FALSE,FALSE,,,,,,,,,,,,,,,FALSE,2026-08-14,exact,2026-08-14,,https://boomcellar.com/delisted-wine-companies
BC-00055,Domain Costa Lazaridi,Delisted,Squeezed out,KTILA.AT,,,Greece,,GRS354003006,gleif,2138007FSKHVUPAZ5P51,LAPSED,gleif-name,GLEIF ΚΤΗΜΑ ΚΩΣΤΑ ΛΑΖΑΡΙΔΗ Α.Ε.,BBG001SDQMD7,,,GR,https://search.gleif.org/#/record/2138007FSKHVUPAZ5P51,,,,2026-07-03,2026-08-17,FALSE,FALSE,FALSE,,,,,,,,,,,,,,,FALSE,2025-10,exact,2025-10,,https://boomcellar.com/delisted-wine-companies
BC-00056,Bodegas Esmeralda,Delisted,Squeezed out,ESME.BA,,,Argentina,,ARESME010022,secondary,,,,Bodegas Esmeralda S.A. (BYMA: ESME). Investing.com quote page; no issuer or CNV document seen. No LEI in GLEIF.,BBG001S8CS86,,,,,,,,2026-07-03,2026-08-17,FALSE,FALSE,FALSE,,,,,,,,,,,,,,,FALSE,2020-12-10,exact,2020-12-10,,https://boomcellar.com/delisted-wine-companies
BC-00057,Viva Wine Group,Excluded,,VIVA.ST,,,,,SE0017084361,cross-checked,549300XZE8FG96FTL804,ISSUED,gleif-name,GLEIF filter[isin] hit,BBG012LSR3Q5,,,SE,https://search.gleif.org/#/record/549300XZE8FG96FTL804,,,,,,FALSE,FALSE,FALSE,,,,,https://storage.mfn.se/552d08f8-2df1-4d40-8073-0a74e3335bdd/viva-wine-group-interim-report-q2-2026.pdf,2026-06-30,89.631884,Ordinary=89.631884@2026-06-30,"Interim report Q2 2026, key ratios 'Number of shares at the end of the period, basic/diluted' 89,631,884; Note 7",,,,FY2025 — Not disclosed: segments are B2B and B2C (channels); no product split,https://www.vivagroup.se/wp-content/uploads/2026/04/Viva-Wine-Group-Annual-Sustainability-Report-2025.pdf,FALSE,2026-09-22,exact,,,https://boomcellar.com/coverage
BC-00058,CVNE (Compañía Vinícola del Norte de España),Delisted,Squeezed out,CUN.MC,,,,,ES0184140210,primary,959800R3K2APEBZJHF34,ISSUED,gleif-name,CNMV hecho relevante + GLEIF ISIN map agree,,,,ES,https://search.gleif.org/#/record/959800R3K2APEBZJHF34,,,,,,FALSE,FALSE,FALSE,,,,,,,,,,,,,,,FALSE,2015-11-24,exact,2015-11-24,,https://boomcellar.com/delisted-wine-companies
BC-00059,Mildara Blass,Delisted,Taken private,MLD,,ASX,Australia,,,,,,,Pre-1996 delisting; ISIN not findable (ticker MLD now reused by MACA); no LEI (pre-LEI era),,XASX,,,,,,,,,FALSE,FALSE,FALSE,,,,,,,,,,,,,,,FALSE,1996-03-13,exact,1996-03-13,,https://boomcellar.com/delisted-wine-companies
BC-00060,Beringer Wine Estates Holdings,Delisted,Taken private,BERW,,Nasdaq,USA,,US0841021027,sec-cusip,,,,"CUSIP 084102102, Class B common (Nasdaq BERW) per SC 13D 2000; no LEI in GLEIF",,XNAS,,,,,,,,,FALSE,FALSE,FALSE,,,,,,,,,,,,,,,FALSE,2000,year,2000,,https://boomcellar.com/delisted-wine-companies
BC-00061,Corbans Wines,Delisted,Merged away,,,NZSE,New Zealand,,,,,,,Old NZSE delisting; ISIN not findable; no LEI in GLEIF,,XNZE,,,,,,,,,FALSE,FALSE,FALSE,,,,,,,,,,,,,,,FALSE,2000,year,2000,,https://boomcellar.com/delisted-wine-companies
BC-00062,Montana Group (NZ),Delisted,Squeezed out,,,NZSE,New Zealand,,,,,,,Old NZSE delisting; ISIN not findable; no LEI in GLEIF,,XNZE,,,,,,,,,FALSE,FALSE,FALSE,,,,,,,,,,,,,,,FALSE,2001-10-08,exact,2001-10-08,,https://boomcellar.com/delisted-wine-companies
BC-00063,Ravenswood Winery,Delisted,Taken private,RVWD,,Nasdaq,USA,,US7544381095,sec-cusip,,,,CUSIP 754438109 per SC 13D/A 2001; no LEI in GLEIF,,XNAS,,,,,,,,,FALSE,FALSE,FALSE,,,,,,,,,,,,,,,FALSE,2001,year,2001,,https://boomcellar.com/delisted-wine-companies
BC-00064,Rosemount Estates,Delisted,Merged away,,,ASX,Australia,,,,,,,ISIN not findable; no LEI in GLEIF,,XASX,,,,,,,,,FALSE,FALSE,FALSE,,,,,,,,,,,,,,,FALSE,2001,year,2001,,https://boomcellar.com/delisted-wine-companies
BC-00065,Bodegas y Bebidas,Delisted,Taken private,,,BME Madrid,Spain,,ES0175257213,secondary,,,,"Bolsa de Madrid's own company-sheet address for BODEGAS Y BEBIDAS, S.A. is keyed on this ISIN (the page now redirects). Allied Domecq bid, Sep 2001. No LEI.",,XMAD,,,,,,,,,FALSE,FALSE,FALSE,,,,,,,,,,,,,,,FALSE,,unread,,,https://boomcellar.com/delisted-wine-companies
BC-00066,BRL Hardy,Delisted,Merged away,BRL,,ASX,Australia,,,,,,,Pre-2003 delisting; ISIN not findable; no LEI in GLEIF,,XASX,,,,,,,,,FALSE,FALSE,FALSE,,,,,,,,,,,,,,,FALSE,2003-04-14,exact,2003-04-14,,https://boomcellar.com/delisted-wine-companies
BC-00067,The Robert Mondavi Corporation,Delisted,Merged away,MOND,,Nasdaq,USA,,US6092001006,sec-cusip,,,,CUSIP 609200100 per SC 13G/A 2005 (title 'Common Stock' = listed Class A); no LEI in GLEIF,,XNAS,,,,,,,,,FALSE,FALSE,FALSE,,,,,,,,,,,,,,,FALSE,2004-12-22,exact,2004-12-22,,https://boomcellar.com/delisted-wine-companies
BC-00068,The Chalone Wine Group,Delisted,Taken private,CHLN,,Nasdaq,USA,,US1576391056,sec-cusip,,,,CUSIP 157639105 per SC 13D/A 2005; no LEI in GLEIF,,XNAS,,,,,,,,,FALSE,FALSE,FALSE,,,,,,,,,,,,,,,FALSE,2004,year,2004,,https://boomcellar.com/delisted-wine-companies
BC-00069,Golden State Vintners,Delisted,Taken private,,,Nasdaq,USA,,US38121K2087,sec-cusip,,,,"CUSIP 38121K208, Class B common (Nasdaq-listed class) per SC 13G/A 2004; no LEI in GLEIF",,XNAS,,,,,,,,,FALSE,FALSE,FALSE,,,,,,,,,,,,,,,FALSE,2004,year,2004,,https://boomcellar.com/delisted-wine-companies
BC-00070,Southcorp,Delisted,Squeezed out,SRP,,ASX,Australia,,AU000000SRP7,secondary,,,,"Printed in an SEC-filed fund proxy-vote record (EuroPacific Growth Fund N-PX 2004: Southcorp AGM 2003-10-14, ISIN AU000000SRP7). Delisted 2005-06-17. Pre-LEI.",,XASX,,,,,,,,,FALSE,FALSE,FALSE,,,,,,,,,,,,,,,FALSE,2005-06-17,exact,2005-06-17,,https://boomcellar.com/delisted-wine-companies
BC-00071,Groupe Taittinger,Delisted,Taken private,,,Euronext Paris (Second Marché),France,,FR0000037202,secondary,,,,"Ordinary shares; a dated BFM Bourse article (2006-01-04, Star GT Acquisition holds 98.25%) is filed under this ISIN. Investment certificates traded separately as FR0000045791. GLEIF 9695000S7TCVUU48M310 is the champagne house, a different entity, so no LEI.",,XPAR,,,,,,,,,FALSE,FALSE,FALSE,,,,,,,,,,,,,,,FALSE,2005,year,2005,,https://boomcellar.com/delisted-wine-companies
BC-00072,Vincor International,Delisted,Taken private,VN,,TSX,Canada,,CA92733B1067,secondary,,,,"Built as CA + CUSIP 92733B106 (printed in an SEC-filed fund N-PX, 2006 special meeting) + ISO 6166 check digit — the standard construction for Canadian ISINs; no document prints the ISIN itself. Successor LEI BQ09QWZNPOIXZRTDFO83 is a different, retired entity.",,XTSE,,,,,,,,,FALSE,FALSE,FALSE,,,,,,,,,,,,,,,FALSE,2006,year,2006,,https://boomcellar.com/delisted-wine-companies
BC-00073,Evans & Tate,Delisted,Insolvency,ETW,,ASX,Australia,,,,,,,ISIN not findable; no LEI in GLEIF,,XASX,,,,,,,,,FALSE,FALSE,FALSE,,,,,,,,,,,,,,,FALSE,2007-08-21,exact,2007-08-21,,https://boomcellar.com/delisted-wine-companies
BC-00074,Indage Vintners (Chateau Indage),Delisted,Insolvency,,,BSE,India,,INE194C01019,secondary,,,,BSE 522059. Broker company page (Nirmal Bang); not yet confirmed with NSDL. CIN L74999MH1985PLC037618. No LEI in GLEIF.,,XBOM,,,,,,,,,FALSE,FALSE,FALSE,,,,,,,,,,,,,,,FALSE,2010-03,month,2010-03,,https://boomcellar.com/delisted-wine-companies
BC-00075,Mercian,Delisted,Squeezed out,,,Tokyo Stock Exchange,Japan,,JP3921100008,secondary,3538002NV083KE7R5S94,ISSUED,gleif-name,"TSE 2536. Printed in an SEC-filed fund proxy-vote record (Metropolitan Series Fund N-PX 2010: Mercian AGM 2010-03-24, ISIN JP3921100008). LEI: GLEIF メルシャン株式会社, same legal entity, now a Kirin subsidiary.",,XTKS,,JP,https://search.gleif.org/#/record/3538002NV083KE7R5S94,,,,,,FALSE,FALSE,FALSE,,,,,,,,,,,,,,,FALSE,2010-11-26,exact,2010-11-26,,https://boomcellar.com/delisted-wine-companies
BC-00076,Henri Maire,Delisted,Squeezed out,MAIR.PA,,Euronext Paris,France,,FR0000061087,primary,,,,"Euronext Paris page. No LEI: GLEIF 'Etablissements Henri Maire et ses Fils' (Lyon, SIREN 956507107) is an unrelated company",,XPAR,,,,,,,,,FALSE,FALSE,FALSE,,,,,,,,,,,,,,,FALSE,2015-08-06,exact,2015-08-06,,https://boomcellar.com/delisted-wine-companies
BC-00077,Pol Roger,Delisted,Left voluntarily,MLPOL.PA,,Euronext Access Paris,France,,FR0000064644,primary,9695001CKX3SYF74BP91,ISSUED,gleif-name,Euronext Access (MLPOL); GLEIF ISIN map agrees,,XMLI,,FR,https://search.gleif.org/#/record/9695001CKX3SYF74BP91,,,,,,FALSE,FALSE,FALSE,,,,,,,,,,,,,,,FALSE,,unread,,,https://boomcellar.com/delisted-wine-companies
BC-00078,Truett-Hurst,Delisted,Wound down,THST,,"Nasdaq, then OTC",USA,,US8978711096,sec-cusip,549300S4QF6KU1JNI295,LAPSED,gleif-name,CUSIP 897871109; GLEIF ISIN map agrees,,,,US-DE,https://search.gleif.org/#/record/549300S4QF6KU1JNI295,,,,,,FALSE,FALSE,FALSE,,,,,,,,,,,,,,,FALSE,2019-03-28,exact,2019-03-28,,https://boomcellar.com/delisted-wine-companies
BC-00079,Barón de Ley,Delisted,Squeezed out,BDL.MC,,"BME (Madrid, Barcelona, Valencia, Bilbao)",Spain,,ES0114297015,gleif,959800XAM6EXYVCNJ311,LAPSED,gleif-name,"LEI = 'BARON DE LEY SA' (Mendavia), mapped to the ISIN. Second record 959800GCTRBP9SWZ8Y07 'BARON DE LEY, S.A.' (Oyón, ex-El Coto de Rioja, ISSUED) likely post-merger successor",BBG001SB3LP5,BMEX,,ES,https://search.gleif.org/#/record/959800XAM6EXYVCNJ311,,,,,,FALSE,FALSE,FALSE,,,,,,,,,,,,,,,FALSE,2021-10-19,exact,2021-10-19,,https://boomcellar.com/delisted-wine-companies
BC-00080,J. Boutaris & Son,Delisted,Insolvency,MPK.AT,,Athens Exchange,Greece,,GRS110003001,gleif,213800H26RPCEXHX2U21,LAPSED,gleif-name,Entity renamed Palaioi Oinoi Naousis Holding AE (other name Ι.ΜΠΟΥΤΑΡΗΣ & ΥΙΟΣ); GLEIF also maps GRS110004009,BBG001S75112,XATH,,GR,https://search.gleif.org/#/record/213800H26RPCEXHX2U21,,,,,,FALSE,FALSE,FALSE,,,,,,,,,,,,,,,FALSE,,unread,,,https://boomcellar.com/delisted-wine-companies
BC-00081,The Duckhorn Portfolio,Delisted,Taken private,NAPA,,NYSE,USA,,US26414D1063,sec-cusip,2549003BCT5CJSKJ9X51,ISSUED,gleif-name,CUSIP 26414D106; OpenFIGI confirms,BBG00ZF3LGX4,XNYS,,US-DE,https://search.gleif.org/#/record/2549003BCT5CJSKJ9X51,,,,,,FALSE,FALSE,FALSE,,,,,,,,,,,,,,,FALSE,2024-12-23,exact,2024-12-23,,https://boomcellar.com/delisted-wine-companies
BC-00082,Vintage Wine Estates,Delisted,Insolvency,VWE,,Nasdaq,USA,,US92747V1061,sec-cusip,5493003CX2KWFERJAR18,LAPSED,gleif-name,CUSIP 92747V106,,XNAS,,US-CA,https://search.gleif.org/#/record/5493003CX2KWFERJAR18,,,,,,FALSE,FALSE,FALSE,,,,,,,,,,,,,,,FALSE,2024-08-15,exact,2024-08-15,,https://boomcellar.com/delisted-wine-companies
BC-00083,Gusbourne,Delisted,Left voluntarily,GUS.L,,LSE AIM,United Kingdom,,GB00B8TS4M09,gleif,2138006K652TIS2UN864,LAPSED,gleif-name,GLEIF also maps two other GB ISINs (likely loan notes),BBG001SF83D4,AIMX,,GB,https://search.gleif.org/#/record/2138006K652TIS2UN864,,,,,,FALSE,FALSE,FALSE,,,,,,,,,,,,,,,FALSE,2025-03-19,exact,2025-03-19,,https://boomcellar.com/delisted-wine-companies
BC-00084,Federico Paternina,Delisted,Left voluntarily,,,"Madrid, Barcelona, Bilbao and Valencia exchanges",Spain,,ES0114989231,secondary,,,,"CNMV / ANCV ISIN register for NIF A-28346724 (the NIF under which the CNMV files Federico Paternina's relevant information) lists ES0114989231, 'BOD LACORT V/AC 6.01', under the issuer's later name Bodegas Lacort V, S.A.; one record, read 2026-10-02",,BMEX,,,,,,,,,FALSE,FALSE,FALSE,,,,,,,,,,,,,,,FALSE,,unread,2009-12-30,,https://boomcellar.com/delisted-wine-companies
BC-00085,Bodegas Bilbaínas,Delisted,Taken private,,,Bolsa de Bilbao,Spain,,ES0114930011,primary,,,,"Bolsa de Bilbao exclusion notice (CNMV reg. 279968, 8 Jul 2019): instrument identifier ES0114930011, issuer LEI field 959800GXSARSTX2PDH29 not checked in GLEIF",BBG001S9Q9P2,XBIL,,,,,,,,,FALSE,FALSE,FALSE,,,,,,,,,,,,,,,FALSE,2019-07-09,exact,2019-07-09,,https://boomcellar.com/delisted-wine-companies
BC-00086,Cottin Frères,Delisted,Squeezed out,,,Euronext Paris,France,,FR0000071854,primary,,,,"AMF D&I 214C1023 (10 Jun 2014), reference FR0000071854-OP009-RO03",,XPAR,,,,,,,,,FALSE,FALSE,FALSE,,,,,,,,,,,,,,,FALSE,2014-06-12,exact,2014-06-12,,https://boomcellar.com/delisted-wine-companies
